{"_step":23,"train/loss":0.7995,"train/learning_rate":4.943977591036415e-05,"train/epoch":0.032964910398111384,"train/global_step":24,"_timestamp":1.7737698258912876e+09,"_wandb":{"runtime":509},"_runtime":509}