{"train_loss":0.6608856130395195,"_runtime":42098,"_step":2913,"train/grad_norm":0.3567134439945221,"train_runtime":42102.9486,"_wandb":{"runtime":42098},"train/epoch":1,"train_samples_per_second":4.427,"train/global_step":2913,"train/learning_rate":7.05965407695023e-09,"_timestamp":1.7738650914203026e+09,"train/loss":0.7084,"train_steps_per_second":0.069,"total_flos":4.540576390592987e+18}