{"_wandb":{"runtime":37699},"train/global_step":729,"train_runtime":37700.6634,"train_samples_per_second":4.944,"total_flos":5.475715296613761e+18,"_runtime":37699,"_step":729,"train/loss":0.7071,"train_steps_per_second":0.019,"_timestamp":1.7738082842083986e+09,"train/epoch":1,"train_loss":0.6598916913092708,"train/learning_rate":7.00280112044818e-08}